PRAGMA foreign_keys=OFF;
BEGIN TRANSACTION;
CREATE TABLE IF NOT EXISTS "django_migrations" ("id" integer NOT NULL PRIMARY KEY AUTOINCREMENT, "app" varchar(255) NOT NULL, "name" varchar(255) NOT NULL, "applied" datetime NOT NULL);
INSERT INTO django_migrations VALUES(1,'contenttypes','0001_initial','2023-10-05 21:50:37.194409');
INSERT INTO django_migrations VALUES(2,'contenttypes','0002_remove_content_type_name','2023-10-05 21:50:37.201490');
INSERT INTO django_migrations VALUES(3,'auth','0001_initial','2023-10-05 21:50:37.214799');
INSERT INTO django_migrations VALUES(4,'auth','0002_alter_permission_name_max_length','2023-10-05 21:50:37.220691');
INSERT INTO django_migrations VALUES(5,'auth','0003_alter_user_email_max_length','2023-10-05 21:50:37.225396');
INSERT INTO django_migrations VALUES(6,'auth','0004_alter_user_username_opts','2023-10-05 21:50:37.230331');
INSERT INTO django_migrations VALUES(7,'auth','0005_alter_user_last_login_null','2023-10-05 21:50:37.235307');
INSERT INTO django_migrations VALUES(8,'auth','0006_require_contenttypes_0002','2023-10-05 21:50:37.237136');
INSERT INTO django_migrations VALUES(9,'auth','0007_alter_validators_add_error_messages','2023-10-05 21:50:37.241918');
INSERT INTO django_migrations VALUES(10,'auth','0008_alter_user_username_max_length','2023-10-05 21:50:37.246574');
INSERT INTO django_migrations VALUES(11,'auth','0009_alter_user_last_name_max_length','2023-10-05 21:50:37.251255');
INSERT INTO django_migrations VALUES(12,'auth','0010_alter_group_name_max_length','2023-10-05 21:50:37.256890');
INSERT INTO django_migrations VALUES(13,'auth','0011_update_proxy_permissions','2023-10-05 21:50:37.263034');
INSERT INTO django_migrations VALUES(14,'auth','0012_alter_user_first_name_max_length','2023-10-05 21:50:37.267833');
INSERT INTO django_migrations VALUES(15,'talks','0001_initial','2023-10-05 21:50:37.301426');
INSERT INTO django_migrations VALUES(16,'admin','0001_initial','2023-10-05 21:50:37.313367');
INSERT INTO django_migrations VALUES(17,'admin','0002_logentry_remove_auto_add','2023-10-05 21:50:37.324312');
INSERT INTO django_migrations VALUES(18,'admin','0003_logentry_add_action_flag_choices','2023-10-05 21:50:37.333081');
INSERT INTO django_migrations VALUES(19,'sessions','0001_initial','2023-10-05 21:50:37.337476');
INSERT INTO django_migrations VALUES(20,'talks','0002_remove_customuser_avatar_remove_customuser_nickname_and_more','2023-10-05 21:50:37.399645');
INSERT INTO django_migrations VALUES(21,'talks','0003_alter_customuser_groups_alter_customuser_is_active_and_more','2023-10-23 14:16:14.087317');
CREATE TABLE IF NOT EXISTS "django_content_type" ("id" integer NOT NULL PRIMARY KEY AUTOINCREMENT, "app_label" varchar(100) NOT NULL, "model" varchar(100) NOT NULL);
INSERT INTO django_content_type VALUES(1,'admin','logentry');
INSERT INTO django_content_type VALUES(2,'auth','permission');
INSERT INTO django_content_type VALUES(3,'auth','group');
INSERT INTO django_content_type VALUES(4,'contenttypes','contenttype');
INSERT INTO django_content_type VALUES(5,'sessions','session');
INSERT INTO django_content_type VALUES(6,'talks','customuser');
INSERT INTO django_content_type VALUES(7,'talks','ad');
INSERT INTO django_content_type VALUES(8,'talks','category');
INSERT INTO django_content_type VALUES(9,'talks','userprofile');
INSERT INTO django_content_type VALUES(10,'talks','comment');
CREATE TABLE IF NOT EXISTS "auth_group_permissions" ("id" integer NOT NULL PRIMARY KEY AUTOINCREMENT, "group_id" integer NOT NULL REFERENCES "auth_group" ("id") DEFERRABLE INITIALLY DEFERRED, "permission_id" integer NOT NULL REFERENCES "auth_permission" ("id") DEFERRABLE INITIALLY DEFERRED);
CREATE TABLE IF NOT EXISTS "auth_permission" ("id" integer NOT NULL PRIMARY KEY AUTOINCREMENT, "content_type_id" integer NOT NULL REFERENCES "django_content_type" ("id") DEFERRABLE INITIALLY DEFERRED, "codename" varchar(100) NOT NULL, "name" varchar(255) NOT NULL);
INSERT INTO auth_permission VALUES(1,1,'add_logentry','Can add log entry');
INSERT INTO auth_permission VALUES(2,1,'change_logentry','Can change log entry');
INSERT INTO auth_permission VALUES(3,1,'delete_logentry','Can delete log entry');
INSERT INTO auth_permission VALUES(4,1,'view_logentry','Can view log entry');
INSERT INTO auth_permission VALUES(5,2,'add_permission','Can add permission');
INSERT INTO auth_permission VALUES(6,2,'change_permission','Can change permission');
INSERT INTO auth_permission VALUES(7,2,'delete_permission','Can delete permission');
INSERT INTO auth_permission VALUES(8,2,'view_permission','Can view permission');
INSERT INTO auth_permission VALUES(9,3,'add_group','Can add group');
INSERT INTO auth_permission VALUES(10,3,'change_group','Can change group');
INSERT INTO auth_permission VALUES(11,3,'delete_group','Can delete group');
INSERT INTO auth_permission VALUES(12,3,'view_group','Can view group');
INSERT INTO auth_permission VALUES(13,4,'add_contenttype','Can add content type');
INSERT INTO auth_permission VALUES(14,4,'change_contenttype','Can change content type');
INSERT INTO auth_permission VALUES(15,4,'delete_contenttype','Can delete content type');
INSERT INTO auth_permission VALUES(16,4,'view_contenttype','Can view content type');
INSERT INTO auth_permission VALUES(17,5,'add_session','Can add session');
INSERT INTO auth_permission VALUES(18,5,'change_session','Can change session');
INSERT INTO auth_permission VALUES(19,5,'delete_session','Can delete session');
INSERT INTO auth_permission VALUES(20,5,'view_session','Can view session');
INSERT INTO auth_permission VALUES(21,6,'add_customuser','Can add user');
INSERT INTO auth_permission VALUES(22,6,'change_customuser','Can change user');
INSERT INTO auth_permission VALUES(23,6,'delete_customuser','Can delete user');
INSERT INTO auth_permission VALUES(24,6,'view_customuser','Can view user');
INSERT INTO auth_permission VALUES(25,7,'add_ad','Can add ad');
INSERT INTO auth_permission VALUES(26,7,'change_ad','Can change ad');
INSERT INTO auth_permission VALUES(27,7,'delete_ad','Can delete ad');
INSERT INTO auth_permission VALUES(28,7,'view_ad','Can view ad');
INSERT INTO auth_permission VALUES(29,8,'add_category','Can add category');
INSERT INTO auth_permission VALUES(30,8,'change_category','Can change category');
INSERT INTO auth_permission VALUES(31,8,'delete_category','Can delete category');
INSERT INTO auth_permission VALUES(32,8,'view_category','Can view category');
INSERT INTO auth_permission VALUES(33,9,'add_userprofile','Can add user profile');
INSERT INTO auth_permission VALUES(34,9,'change_userprofile','Can change user profile');
INSERT INTO auth_permission VALUES(35,9,'delete_userprofile','Can delete user profile');
INSERT INTO auth_permission VALUES(36,9,'view_userprofile','Can view user profile');
INSERT INTO auth_permission VALUES(37,10,'add_comment','Can add comment');
INSERT INTO auth_permission VALUES(38,10,'change_comment','Can change comment');
INSERT INTO auth_permission VALUES(39,10,'delete_comment','Can delete comment');
INSERT INTO auth_permission VALUES(40,10,'view_comment','Can view comment');
CREATE TABLE IF NOT EXISTS "auth_group" ("id" integer NOT NULL PRIMARY KEY AUTOINCREMENT, "name" varchar(150) NOT NULL UNIQUE);
CREATE TABLE IF NOT EXISTS "talks_customuser_groups" ("id" integer NOT NULL PRIMARY KEY AUTOINCREMENT, "customuser_id" bigint NOT NULL REFERENCES "talks_customuser" ("id") DEFERRABLE INITIALLY DEFERRED, "group_id" integer NOT NULL REFERENCES "auth_group" ("id") DEFERRABLE INITIALLY DEFERRED);
CREATE TABLE IF NOT EXISTS "talks_customuser_user_permissions" ("id" integer NOT NULL PRIMARY KEY AUTOINCREMENT, "customuser_id" bigint NOT NULL REFERENCES "talks_customuser" ("id") DEFERRABLE INITIALLY DEFERRED, "permission_id" integer NOT NULL REFERENCES "auth_permission" ("id") DEFERRABLE INITIALLY DEFERRED);
CREATE TABLE IF NOT EXISTS "talks_category" ("id" integer NOT NULL PRIMARY KEY AUTOINCREMENT, "name" varchar(255) NOT NULL UNIQUE, "description" text NULL);
INSERT INTO talks_category VALUES(1,'Official','Events and announcements from governmental or formal organizations.');
INSERT INTO talks_category VALUES(2,'Events','Events, concerts, movies, shows, and other activities.');
INSERT INTO talks_category VALUES(3,'Sports','Athletic events, competitions, and sports-related gatherings.');
INSERT INTO talks_category VALUES(4,'Charity and Aid','Fundraisers, volunteer opportunities, and charitable activities.');
INSERT INTO talks_category VALUES(5,'Commercial','Product launches, sales events, and other business-related activities.');
INSERT INTO talks_category VALUES(6,'Wellness and Mindfulness','Yoga sessions, meditation classes, and workshops focusing on mental well-being.');
INSERT INTO talks_category VALUES(7,'Art and Culture','Art exhibitions, cultural festivals, and museum events.');
INSERT INTO talks_category VALUES(8,'Celebrations and Congrats','A space for sharing birthday wishes, achievements, and other celebratory messages.');
INSERT INTO talks_category VALUES(9,'Miscellaneous','Items that don''t fit into other categories');
CREATE TABLE IF NOT EXISTS "talks_userprofile" ("id" integer NOT NULL PRIMARY KEY AUTOINCREMENT, "bio" text NULL, "user_id" bigint NOT NULL UNIQUE REFERENCES "talks_customuser" ("id") DEFERRABLE INITIALLY DEFERRED);
INSERT INTO talks_userprofile VALUES(1,NULL,1);
INSERT INTO talks_userprofile VALUES(3,NULL,3);
INSERT INTO talks_userprofile VALUES(4,NULL,4);
CREATE TABLE IF NOT EXISTS "talks_comment" ("id" integer NOT NULL PRIMARY KEY AUTOINCREMENT, "text" text NOT NULL, "created_date" datetime NOT NULL, "ad_id" bigint NOT NULL REFERENCES "talks_ad" ("id") DEFERRABLE INITIALLY DEFERRED, "author_id" bigint NULL REFERENCES "talks_customuser" ("id") DEFERRABLE INITIALLY DEFERRED);
INSERT INTO talks_comment VALUES(1,'Super!','2023-10-09 19:56:11.601864',2,1);
INSERT INTO talks_comment VALUES(36,'Happy birthday!!','2023-10-11 18:17:49.991119',8,3);
INSERT INTO talks_comment VALUES(45,'Our balconies are our property. We do what we want with them. Freedom for our balconies! The mayor should resign!','2023-10-15 21:19:52.864273',10,3);
INSERT INTO talks_comment VALUES(46,replace(replace('Could you please specify who exactly is the author of the painting? And has an expert evaluation been conducted?\r\nNataliya','\r',char(13)),'\n',char(10)),'2023-10-16 10:22:47.952672',7,1);
CREATE TABLE IF NOT EXISTS "talks_ad_categories" ("id" integer NOT NULL PRIMARY KEY AUTOINCREMENT, "ad_id" bigint NOT NULL REFERENCES "talks_ad" ("id") DEFERRABLE INITIALLY DEFERRED, "category_id" bigint NOT NULL REFERENCES "talks_category" ("id") DEFERRABLE INITIALLY DEFERRED);
INSERT INTO talks_ad_categories VALUES(2,2,3);
INSERT INTO talks_ad_categories VALUES(5,4,2);
INSERT INTO talks_ad_categories VALUES(6,4,7);
INSERT INTO talks_ad_categories VALUES(8,6,5);
INSERT INTO talks_ad_categories VALUES(9,7,5);
INSERT INTO talks_ad_categories VALUES(10,7,7);
INSERT INTO talks_ad_categories VALUES(11,8,8);
INSERT INTO talks_ad_categories VALUES(12,9,9);
INSERT INTO talks_ad_categories VALUES(13,10,1);
CREATE TABLE IF NOT EXISTS "django_admin_log" ("id" integer NOT NULL PRIMARY KEY AUTOINCREMENT, "object_id" text NULL, "object_repr" varchar(200) NOT NULL, "action_flag" smallint unsigned NOT NULL CHECK ("action_flag" >= 0), "change_message" text NOT NULL, "content_type_id" integer NULL REFERENCES "django_content_type" ("id") DEFERRABLE INITIALLY DEFERRED, "user_id" bigint NOT NULL REFERENCES "talks_customuser" ("id") DEFERRABLE INITIALLY DEFERRED, "action_time" datetime NOT NULL);
INSERT INTO django_admin_log VALUES(1,'1','Official',1,'[{"added": {}}]',8,1,'2023-10-05 21:53:09.973054');
INSERT INTO django_admin_log VALUES(2,'2','Events',1,'[{"added": {}}]',8,1,'2023-10-05 21:53:52.007185');
INSERT INTO django_admin_log VALUES(3,'3','Sports',1,'[{"added": {}}]',8,1,'2023-10-05 21:54:22.985169');
INSERT INTO django_admin_log VALUES(4,'4','Charity and Aid',1,'[{"added": {}}]',8,1,'2023-10-05 21:54:44.283190');
INSERT INTO django_admin_log VALUES(5,'5','Commercial',1,'[{"added": {}}]',8,1,'2023-10-05 21:55:00.000189');
INSERT INTO django_admin_log VALUES(6,'6','Wellness and Mindfulness',1,'[{"added": {}}]',8,1,'2023-10-05 21:55:17.510339');
INSERT INTO django_admin_log VALUES(7,'7','Art and Culture',1,'[{"added": {}}]',8,1,'2023-10-05 21:55:37.895220');
INSERT INTO django_admin_log VALUES(8,'8','Celebrations and Congrats',1,'[{"added": {}}]',8,1,'2023-10-05 21:55:56.738139');
INSERT INTO django_admin_log VALUES(9,'9','Miscellaneous',1,'[{"added": {}}]',8,1,'2023-10-08 21:21:04.868274');
INSERT INTO django_admin_log VALUES(10,'14','mama',3,'',6,1,'2023-10-19 13:07:56.791716');
CREATE TABLE IF NOT EXISTS "django_session" ("session_key" varchar(40) NOT NULL PRIMARY KEY, "session_data" text NOT NULL, "expire_date" datetime NOT NULL);
INSERT INTO django_session VALUES('dvg9vx0ta6f91dy7ya73p0vi65q38hh1','.eJxVjMsOwiAQRf-FtSEMBWbq0r3fQBgeUjU0Ke3K-O_apAvd3nPOfQkftrX6refFT0mcBYjT78YhPnLbQbqHdptlnNu6TCx3RR60y-uc8vNyuH8HNfT6rZ1FU0gPmCNrhFRKNk6xojSiIopUctBs3BgVIQwWSXFCsBEDlAIg3h_X-zeD:1qtYFu:UmX83Ox16TjpbDafVupr_Q0RI4Nnb5Q7FrncBN7B90g','2023-11-02 19:00:26.115424');
CREATE TABLE IF NOT EXISTS "talks_ad" ("id" integer NOT NULL PRIMARY KEY AUTOINCREMENT, "title" varchar(200) NOT NULL, "description" text NOT NULL, "date_posted" datetime NOT NULL, "image" varchar(100) NULL, "author_id" bigint NOT NULL REFERENCES "talks_customuser" ("id") DEFERRABLE INITIALLY DEFERRED, "using_default_image" bool NOT NULL);
INSERT INTO talks_ad VALUES(2,'Football match in Dortmund',replace(replace('Six countries. Five time zones. Three continents. Two different seasons. One World Cup.\r\n\r\nThe proposed plans for the 2030 tournament - to be held in South America, Africa and Europe - are difficult to imagine as a reality.\r\n\r\nIt will be the first time a World Cup has been played on more than one continent - 2002 was the only previous event with more than one host in neighbouring countries South Korea and Japan.\r\n\r\nThat will change when the USA, Mexico and Canada host in 2026 - but that will not match the scale of the 2030 World Cup.\r\n\r\nSpain, Portugal and Morocco have been named as co-hosts, yet the opening three matches will take place in Uruguay, Argentina and Paraguay to mark the World Cup''s centenary.\r\n\r\nBut how will it all work? And what are the likely implications for players and fans?','\r',char(13)),'\n',char(10)),'2023-10-07 06:27:57.576201','ads_images/football.jpg',3,0);
INSERT INTO talks_ad VALUES(4,'Viennese Classics Night',replace(replace('Everyone is invited to a concert of Viennese classics on 10/25/2025 in the Grand Hall.\r\nThe program includes Mozart, Beethoven, Haydn.','\r',char(13)),'\n',char(10)),'2023-10-07 07:12:36.676177','ads_images/Viener.png',1,0);
INSERT INTO talks_ad VALUES(6,'House in Alps','The beautiful house for sale.','2023-10-07 18:04:35.412055','ads_images/house1.jpg',3,0);
INSERT INTO talks_ad VALUES(7,'Old master''s painting',replace(replace('Old master''s painting for sale. 2000 Euro\r\nPhone 0123456789','\r',char(13)),'\n',char(10)),'2023-10-08 21:14:24.754601','ads_images/Picture.jpg',4,0);
INSERT INTO talks_ad VALUES(8,'Happy Birthday Lucia!!',replace(replace('Happy birthday and wish you all the best!\r\nMay all your dreams come true!\r\n\r\nYour neighbors','\r',char(13)),'\n',char(10)),'2023-10-08 21:19:18.561160','ads_images/Happy_birthday.jpg',1,0);
INSERT INTO talks_ad VALUES(9,'The dog is missing',replace(replace('My beloved dog ran away while walking.\r\nIf you have seen her, please call 0123456789.\r\nMonica','\r',char(13)),'\n',char(10)),'2023-10-08 21:24:04.620962','ads_images/dog.jpg',3,0);
INSERT INTO talks_ad VALUES(10,'Attention to all neighbors!','A new law banning UFO parking in the courtyards of apartment buildings and on balconies comes into force on June 1.','2023-10-08 21:28:27.178299','',1,0);
CREATE TABLE IF NOT EXISTS "talks_customuser" ("id" integer NOT NULL PRIMARY KEY AUTOINCREMENT, "password" varchar(128) NOT NULL, "last_login" datetime NULL, "is_superuser" bool NOT NULL, "username" varchar(150) NOT NULL UNIQUE, "first_name" varchar(150) NOT NULL, "last_name" varchar(150) NOT NULL, "is_staff" bool NOT NULL, "is_active" bool NOT NULL, "date_joined" datetime NOT NULL, "profile_picture" varchar(100) NULL, "using_default_image" bool NOT NULL, "email" varchar(254) NOT NULL UNIQUE);
INSERT INTO talks_customuser VALUES(1,'pbkdf2_sha256$600000$KsUQKE7xCXfXvpYsmx6Zvv$P8pkqnfsOHxMeTJ1AECZhvk1B/W/dUhyopGtQnlySfQ=','2023-10-19 19:00:26.108819',1,'Nataliya','','',1,1,'2023-10-05 21:51:27.413241','profile_pictures/a_beautiful_40-year-old_modern_strong-willed_powerful_well_9165b283-a19_vvNZEV5.png',0,'nataliyagergo@gmail.com');
INSERT INTO talks_customuser VALUES(3,'pbkdf2_sha256$600000$F6NzUb6CccuakbMEV3kRiD$S6s2LWi4jxDNlimv4CPlHGw0XlehrSspzAyKxJB6o1E=','2023-10-16 20:05:58.961189',0,'test','','',0,1,'2023-10-05 23:03:58.136627','',0,'vernaal@mail.ru');
INSERT INTO talks_customuser VALUES(4,'pbkdf2_sha256$600000$FkqScTiCmgz84eTqF8rzty$FNiTlViAesvqfjoNHd/XUOlwE4jZmlrmomZJ8kKcN4k=','2023-10-08 21:10:40.812979',0,'Lala','','',0,1,'2023-10-08 21:10:40.547295','profile_pictures/E8bw.jpg',0,'vernaal@gmail.com');
DELETE FROM sqlite_sequence;
INSERT INTO sqlite_sequence VALUES('django_migrations',21);
INSERT INTO sqlite_sequence VALUES('django_content_type',10);
INSERT INTO sqlite_sequence VALUES('auth_permission',40);
INSERT INTO sqlite_sequence VALUES('auth_group',0);
INSERT INTO sqlite_sequence VALUES('django_admin_log',10);
INSERT INTO sqlite_sequence VALUES('talks_ad',40);
INSERT INTO sqlite_sequence VALUES('talks_customuser',15);
INSERT INTO sqlite_sequence VALUES('talks_userprofile',15);
INSERT INTO sqlite_sequence VALUES('talks_category',9);
INSERT INTO sqlite_sequence VALUES('talks_ad_categories',49);
INSERT INTO sqlite_sequence VALUES('talks_comment',51);
CREATE UNIQUE INDEX "django_content_type_app_label_model_76bd3d3b_uniq" ON "django_content_type" ("app_label", "model");
CREATE UNIQUE INDEX "auth_group_permissions_group_id_permission_id_0cd325b0_uniq" ON "auth_group_permissions" ("group_id", "permission_id");
CREATE INDEX "auth_group_permissions_group_id_b120cbf9" ON "auth_group_permissions" ("group_id");
CREATE INDEX "auth_group_permissions_permission_id_84c5c92e" ON "auth_group_permissions" ("permission_id");
CREATE UNIQUE INDEX "auth_permission_content_type_id_codename_01ab375a_uniq" ON "auth_permission" ("content_type_id", "codename");
CREATE INDEX "auth_permission_content_type_id_2f476e4b" ON "auth_permission" ("content_type_id");
CREATE UNIQUE INDEX "talks_customuser_groups_customuser_id_group_id_26465c94_uniq" ON "talks_customuser_groups" ("customuser_id", "group_id");
CREATE INDEX "talks_customuser_groups_customuser_id_1613fe6b" ON "talks_customuser_groups" ("customuser_id");
CREATE INDEX "talks_customuser_groups_group_id_64593bab" ON "talks_customuser_groups" ("group_id");
CREATE UNIQUE INDEX "talks_customuser_user_permissions_customuser_id_permission_id_11e2b33a_uniq" ON "talks_customuser_user_permissions" ("customuser_id", "permission_id");
CREATE INDEX "talks_customuser_user_permissions_customuser_id_dd48cf75" ON "talks_customuser_user_permissions" ("customuser_id");
CREATE INDEX "talks_customuser_user_permissions_permission_id_46aa7a64" ON "talks_customuser_user_permissions" ("permission_id");
CREATE INDEX "talks_comment_ad_id_1d0f01cc" ON "talks_comment" ("ad_id");
CREATE INDEX "talks_comment_author_id_7ebeacad" ON "talks_comment" ("author_id");
CREATE UNIQUE INDEX "talks_ad_categories_ad_id_category_id_72e81032_uniq" ON "talks_ad_categories" ("ad_id", "category_id");
CREATE INDEX "talks_ad_categories_ad_id_de0f0782" ON "talks_ad_categories" ("ad_id");
CREATE INDEX "talks_ad_categories_category_id_af1e95ad" ON "talks_ad_categories" ("category_id");
CREATE INDEX "django_admin_log_content_type_id_c4bce8eb" ON "django_admin_log" ("content_type_id");
CREATE INDEX "django_admin_log_user_id_c564eba6" ON "django_admin_log" ("user_id");
CREATE INDEX "django_session_expire_date_a5c62663" ON "django_session" ("expire_date");
CREATE INDEX "talks_ad_author_id_f5c67842" ON "talks_ad" ("author_id");
COMMIT;
